PID,Process Name,State,CPU Time (user+system),RSS Size,SHA-256 Hash
24329,demo,Running,155175,1720320,944271c2dc296dfdca9d15f9ca0c37520f7ceb468e432cb0745f496b6f246037
24128,Google Chrome He,Running,2668871,116473856,83a2e45a7c3e153072b75a609d6afb3ad90045e8be55dc8de7c970363770ee15
24127,Google Chrome He,Running,2133042,109559808,83a2e45a7c3e153072b75a609d6afb3ad90045e8be55dc8de7c970363770ee15
23913,AXVisualSupportA,Running,1787225,28213248,a2ff262107018087a659466642b90eeb08c00746617720d31c75f9681e75d0fe
23813,mdworker_shared,Running,2036850,21069824,68a0fdc46d3b2d1269c12e8110789c0c628b1237cec00a9551535dedddce6751
23521,mdworker_shared,Running,1920666,22200320,68a0fdc46d3b2d1269c12e8110789c0c628b1237cec00a9551535dedddce6751
23021,mdworker_shared,Running,4228633,31440896,68a0fdc46d3b2d1269c12e8110789c0c628b1237cec00a9551535dedddce6751
22693,Google Chrome He,Running,1864060,89915392,83a2e45a7c3e153072b75a609d6afb3ad90045e8be55dc8de7c970363770ee15
22480,mdworker_shared,Running,2468959,28327936,68a0fdc46d3b2d1269c12e8110789c0c628b1237cec00a9551535dedddce6751
22267,com.apple.iCloud,Running,1704252,11206656,bf2f56dc6916fc7eaeca92520c6ef5b0ab833e0043e017891a2a2d9f25421628
15462,com.apple.SiriTT,Running,1497997,13041664,75d27d355787eb5a9c56761f66cd1eec4bfbb3fd7b9d56ac3a3991d92966578b
15452,Google Chrome He,Running,28841989,314343424,83a2e45a7c3e153072b75a609d6afb3ad90045e8be55dc8de7c970363770ee15
15447,Google Chrome He,Running,2669540415,883916800,83a2e45a7c3e153072b75a609d6afb3ad90045e8be55dc8de7c970363770ee15
14967,Google Chrome He,Running,4622625,133005312,83a2e45a7c3e153072b75a609d6afb3ad90045e8be55dc8de7c970363770ee15
14962,Google Chrome He,Running,88417346,295796736,83a2e45a7c3e153072b75a609d6afb3ad90045e8be55dc8de7c970363770ee15
9919,ThumbnailExtensi,Running,1871119,25755648,46994fc14ed7119bbc7fd1ead2d41cce355c7ee97cf774d2a1ea4137d8bb9acd
9915,QuickLookUIServi,Running,1315866,25083904,a768af017a6cd6056f3a0a7f5f12309dd57c7fc054cdb02e794b4536e58e6949
9911,com.apple.appkit,Running,57571736,107282432,974f3f23504e0ec54e503364c784bc80a3f0aaf6e7ae74a84640359392e90581
4073,MTLCompilerServi,Running,5341378,20070400,f44d87dc070a3cbd199b15667852cdfd7d15affaaa18c010083b6603e3bebe73
98738,cpptools-srv,Running,56289404,72908800,94967db1a5897a6c623cb602fe0ea14c90cb602ae84ac916a804c8e7bd3224b2
97036,ospredictiond,Running,56289404,72908800,dbf8a47186259b9d3354f091f7cb7a420d350c563a32b6f9c91628d2bfef2ed6
96911,ApplicationsStor,Running,21896053572,25214976,a96c67b51b727d56eb8df64833064274829d440d33c8dee7061b8518113c2e32
96910,PhotosStorageExt,Running,619176,10534912,9830f9ad38d5e31c0a48f988d2eacda014bcfec792c70c69eb1d8cd95ed5147d
96909,MailStorageManag,Running,25906818,22380544,c0f91af6c8206c6a143af4bba85f9f5139131bf11a644881fb431a61b2af1acb
96908,BooksStorageExte,Running,647917,11272192,4e5878b7b264d2f3e2f9d40f3d2391a0bf8b3fa001c1aba3e3cd4596ab3a97d1
96898,MacPodcastsStora,Running,21076715,17481728,c268a2079e1b1f33a83a2c53d5245ec3a1cfbba43ca1e8a7fd18ca88c0f5c667
96885,MusicStorageExte,Running,744339,9977856,95c58164405164c91c752e1e5c5c6228220b159c821b55dbf73c4e8f37f0a078
96884,Messages Storage,Running,946651,11993088,5de1b5551b4dfbe584b716e5f1a5bb85cecfa67f9c06f11c7326666bebe2544f
96883,GarageBandStorag,Running,887464,10338304,b91a3693fb11541e1cb9306b314854ccdca36b629b4ebabf3b4e14ab452b1852
96879,CloudDocsStorage,Running,1428526,13729792,51d3e15a4648723255d0a0c19d1cd29e5996799907530717d6b096851d4f1aeb
96873,iOSFilesStorageE,Running,751160,8962048,c4490176bc92ca30fdcbd9ccb09fea6f67b9d4e2cc27670c38c24f1f433a53ef
96874,systemmigrationd,Running,751160,8962048,db2cafb1883932a9700ee712201270e8c015d48637c6503a508cc353d11e58ee
96872,OtherUsersStorag,Running,61440931,28770304,3ee4b9429e614f3ebc2c6a81b6ca1439c8c030d79dff0986d3c68206371f1779
96871,csnameddatad,Running,330697,3260416,4a1e3ac2a908510c1bde8f04a350258f343fd565cb2a0d98d29787c2f9d02501
96870,TVStorageExtensi,Running,1049364,10829824,883acfe415f5bf0987e98171d076b844252be33a5499c392d6ef14a94c7850bf
96869,DeveloperStorage,Running,90835251,17154048,35dd2e4e27cbfebc77592136d3bfdcc721bf465ec4adc636090f556c3d74e3b8
96868,TrashStorageExte,Running,59629742,27230208,a785179a465358ea62fa83fc0f3de82c6b244f78b1b61cb5b615ebdf27aa926f
96866,MessagesHelper,Running,6810142,23560192,e99d263a3fd974eeead382d5b3a8c67f4cac9e2888b6756d753b9e30803ccfd3
96867,CloudStorageHelp,Running,19252257,39256064,a436bcdc30c734d30c706da28901b0ab32d226939f6fcb0495e2769647068f30
96865,StorageManagemen,Running,26517043351,31358976,2a0cd60545b2633838f03c83d63a497482b0b5f502dd14b0b456e666df7f042d
96864,Storage,Running,3815984471,69238784,80c8777a76cfc362ec5bc6b74ed08e773a0657c4e2fd4bd020dd22f940f63d4e
96861,MTLAssetUpgrader,Running,2066429,6438912,4db767df024252eb33f8c9d6d01aff73b0fc7cec874965d029c8cafc63585a7c
96750,sysextd,Running,2066429,6438912,cd781d02c0c0f0146b2a7e5fc3011b740e926485b2f4b621ce1a937e29405b6f
96738,SecurityPrivacyE,Running,16003138,43122688,9fe55bf567b1b5dbb0a8b54f2203481e5c8e43d263acbc211a7133993b5c4de0
96736,AvatarPickerMemo,Running,14646323,27197440,b11c252f6e25018d68e793efb8f350a63e4c7efffe52c06174d13dc1128dfd22
96728,ClassroomSetting,Running,2346224,25214976,d280d8b8d29ec3c8a5c6b6aa92af60c51bba24dc0d60be18bdca70866ffeca82
96726,FamilySettings,Running,7380444,37928960,547a4a6c4d2ce055a283380e1fddc2c7d89141577d0cba94bef48bb5e2b1b88a
96725,VPN,Running,2051463,24625152,d0dea8985e6c4b13fb5fa4b0ac96460e050e6d970e4d4be61d732ec19629e117
96724,HeadphoneSetting,Running,1720890,24084480,0f0e82391d1355bcb25deec53a6742532892195ee055fe6d9b2d117243b6a07b
96723,FollowUpSettings,Running,1788637,23691264,2292d365bf510f2f70e454a0fcf37eea79d73fff3e1017092b23d843b4e4d91e
96721,AppleIDSettings,Running,50107830,68419584,e8785e49038968df9f3cb4d46ccda30fd61b4c8defc68681e6a17d6dad9b48fc
96716,Appearance,Running,8158621,33046528,78a3df24ccee403ebe81c4e3d15d99b94f4b14ef1bb8d3e9c50e4c66c7b98605
96714,extensionkitserv,Running,1082777,7438336,ed58a7c7788b033d44d3d298305c286bbca25ecba9321ee60baf1f94357abac0
96706,System Settings,Running,123529121,86261760,dfe2b2fec2e71ab4df04c89154ea68d99239d02ad525ca6fdac1001d5ebc1f4b
95604,businessservices,Running,2436657,11206656,1de1728b49dba4bab54b944dc4dd244fcc3f8d7b63ea5d5679517e2d64c567f0
93613,Family,Running,22873991,27738112,cdc0d1d576347c34972a7ef805034d29b1f8fc44e6ea037c0a99711da8f8a17c
92738,ReportCrash,Running,22873991,27738112,f6ab4909cd509bc2c64fb8dbca3b6c44486ad1847c7b82ca91767ec1dc010250
83969,Code Helper (Plu,Running,11562015,28459008,c472ef47115dcb615bd6b44c4a819a03a0184f561070f1b58dd276c3b590f3ab
83958,java,Running,199765573,86917120,28ac35c596f92ac4143aa646014cc030953878a3787cda5c99873d8979c93496
83949,xcdevice,Running,5441217,6602752,577eab7979af623d0df6c71fc753ab3616446dc41b6cecfec980bc678af6b5b3
83947,xcdevice,Running,5532750,6733824,577eab7979af623d0df6c71fc753ab3616446dc41b6cecfec980bc678af6b5b3
83948,script,Running,104757,393216,0e20cb840633378154abe5f8327da029148d945d91f823c5bc13f4da6163117f
83946,script,Running,120501,393216,0e20cb840633378154abe5f8327da029148d945d91f823c5bc13f4da6163117f
83456,zsh,Running,11485854,3014656,a81f6dfb53a0360d94c1c0f496faace6fd32c2fe92ea7f8abc1504a24c1f229a
83347,cpptools,Running,27771375448,717832192,f1a7425273540544d25b34215fb00f6067f187fe8ff416e5f0db52e12d334267
83143,dart,Running,15747879,11337728,b248c304e385cb18c373988ddc9ecb3eaaaba8a8e8dcadedbfa533d378f839d4
83113,dart,Running,201691249,56262656,b248c304e385cb18c373988ddc9ecb3eaaaba8a8e8dcadedbfa533d378f839d4
83120,dart,Running,3515658016,159793152,b248c304e385cb18c373988ddc9ecb3eaaaba8a8e8dcadedbfa533d378f839d4
83114,dart,Running,14842090,10600448,b248c304e385cb18c373988ddc9ecb3eaaaba8a8e8dcadedbfa533d378f839d4
82739,java,Running,1750783323,67272704,28ac35c596f92ac4143aa646014cc030953878a3787cda5c99873d8979c93496
82432,zsh,Running,3139137,1753088,a81f6dfb53a0360d94c1c0f496faace6fd32c2fe92ea7f8abc1504a24c1f229a
82431,Code Helper (Plu,Running,807072896,237486080,c472ef47115dcb615bd6b44c4a819a03a0184f561070f1b58dd276c3b590f3ab
82430,Code Helper,Running,33602637,27475968,8b8e700e814464d1ed09f8cc1a4904aa598b81715c93fa581b5304c9fa6452c4
82416,Code Helper (Ren,Running,4360235081,544423936,1675d119b10f475158ef8a369f7fb422fe6e7b31a54a88780a67d572d2926354
62627,Google Chrome He,Running,5324829807,342294528,83a2e45a7c3e153072b75a609d6afb3ad90045e8be55dc8de7c970363770ee15
28757,MTLCompilerServi,Running,4443612,1769472,f44d87dc070a3cbd199b15667852cdfd7d15affaaa18c010083b6603e3bebe73
26204,Code Helper,Running,519847978,54493184,8b8e700e814464d1ed09f8cc1a4904aa598b81715c93fa581b5304c9fa6452c4
26029,Code Helper,Running,420874840,106184704,8b8e700e814464d1ed09f8cc1a4904aa598b81715c93fa581b5304c9fa6452c4
25809,Code Helper,Running,43304758,25739264,8b8e700e814464d1ed09f8cc1a4904aa598b81715c93fa581b5304c9fa6452c4
25808,Code Helper (GPU,Running,3927307205,64978944,33a6a1a562b342e354a9bd6ab9e9ac8bccde75a1dd38d5efb58afbe59e979ef1
25807,chrome_crashpad_,Running,679527,4440064,a7767ebe3ff30d63b5ee760d9f23a137550fa9c488ece453e43938a89fdb6b88
25805,Electron,Running,4470338271,168607744,fa95fd94aa3b370d4e8833aa6e163f299c4c76c1ae6bdc745c9e204ac758c925
43610,Google Chrome He,Running,103543226433,1138245632,83a2e45a7c3e153072b75a609d6afb3ad90045e8be55dc8de7c970363770ee15
34204,Google Chrome He,Running,980184068,191873024,83a2e45a7c3e153072b75a609d6afb3ad90045e8be55dc8de7c970363770ee15
32649,java,Running,1169185796,125353984,ab0f9da0a418aa88ab10d98ae7104dc3c334e35954ef52ed0052adfe4d467759
32628,CoreDeviceServic,Running,3272419,7946240,449566721ba8a35ae82f12f8c6972f599ed4716e13e89a097c8ff8d2cfbdfde5
32519,java,Running,1063797997,92864512,ab0f9da0a418aa88ab10d98ae7104dc3c334e35954ef52ed0052adfe4d467759
30785,chrome_crashpad_,Running,1008755,4440064,a7767ebe3ff30d63b5ee760d9f23a137550fa9c488ece453e43938a89fdb6b88
68054,AssetCacheLocato,Running,1008755,4440064,4a118afdc1b50145347566aa95a05345e2dbab1e92fea0c9ae3bf993d5a757b1
57676,webprivacyd,Running,5582474,10649600,1a54d01ec609d16c1bc3d7f6db6734f0b3c8922abaf7671a77e8463265218f5f
57675,com.apple.WebKit,Running,1033882,10764288,ae254fb92685371ba0b9e8f4e00015e83907d2b1f17c5de749e181214fa6e143
15586,Google Chrome He,Running,22165726,45662208,83a2e45a7c3e153072b75a609d6afb3ad90045e8be55dc8de7c970363770ee15
90362,com.apple.Driver,Running,22165726,45662208,eaa80352f8dad77910d39c09d105ffe3e67b81f8b3838dfd111f01b7d6366ac9
90361,com.apple.Driver,Running,22165726,45662208,eaa80352f8dad77910d39c09d105ffe3e67b81f8b3838dfd111f01b7d6366ac9
89469,netbiosd,Running,22165726,45662208,f0240db0dfc58585d0d7cf280a9515ff6f4b1f75cbfcf2ae7b43a2bbf459b161
89464,eapolclient,Running,3056534,6389760,17535877b0932bc708ca9cdefacad6f5a5f42341c6e81f8fa8ac055971f13c45
2303,backgroundtaskma,Running,3056534,6389760,0350efdb6e0e61604781fa2d30f8c73c0856745f4e5ed0c3e26ca786fc824774
53894,trustd,Running,3056534,6389760,76125cd57004053adc09ce085cfa25b073817040a1df776f930ce6f4dc7bc0c9
53893,ContainerMetadat,Running,14006322,16334848,6cba7a03df1eae833feb8aef1b83a712bf40305b7778611d6d1424f02221c59e
50504,AutoFillPanelSer,Running,104724858,34930688,f9c786cc7b72ca06c02a05977cb80ea4049e7633c8cd647b69d3843654187101
49719,MTLCompilerServi,Running,104724858,34930688,f44d87dc070a3cbd199b15667852cdfd7d15affaaa18c010083b6603e3bebe73
38696,mdsync,Running,104724858,34930688,1c29b3feb9cbc1aa66432ab022881e2aca9a604de8bb4dbb7c63eb7236971100
35269,ContextService,Running,3507306,8028160,588d746ee017d066c0b4707b334b9bdd81ab805d7131aab38918296188a03f36
82991,screencaptureui,Running,18183505009,31932416,6b83226727f7bcbdb5847b88312505da1f69e5804568f5f6b20b999fa44bac4a
47760,sysdiagnosed,Running,18183505009,31932416,27b019b230b0da0a7d180ef1b830de683328de85a0228513fec7facf3edd6d6b
36582,nfcd,Running,18183505009,31932416,0a5b2e76145e34fcf1572ec342cd125e7fbcc48d9d7003114aebaa0ce963ae0c
82597,keychainsharingm,Running,1579694,7192576,067c61f1017a41447be52dc64499166ce813ddff495229419c7911b56fbbcc22
82224,WiFiVelocityAgen,Running,6170524,3932160,f0b7d94fd638a6e70ffc1dae97d7804f53e858ecbf9ccb370f603721ce771fe4
81327,CloudKeychainPro,Running,1303601,8880128,00e55b278f7b6fc011c4bf1e17f629a4eb3c4e6da7e6d39e167009c7000cf426
81328,localizationswit,Running,3719223,8945664,aa4b784160913f713eedc6d26511e9d1f3a1209c9d931c535566de657959cb9e
81326,VTDecoderXPCServ,Running,209044757,6537216,0d27afca406474894b6a453cb39afd1346e2313c1c04f1127371c421c54dfdca
81325,com.apple.Accoun,Running,209044757,6537216,aa4a27272a12c0676203d4e31060c16d493e9b44ad1a8f88f79e3d9aea7d56bc
38548,PerfPowerService,Running,209044757,6537216,8f1b888f6743f2334b005b1f6bd3c9b22ffdac0b62fee7174346ada5f3eb26db
64025,spindump,Running,209044757,6537216,419c97a98f8bafa9cf329cfb5d814dfbdcd18ea39818e1a0c686e95957cb4abf
21308,Google Chrome He,Running,581813789,58327040,83a2e45a7c3e153072b75a609d6afb3ad90045e8be55dc8de7c970363770ee15
28245,airportd,Running,581813789,58327040,3fb85228654a9a2eb684422ae21557ec45787d14993ad5355f8d2efe33f61def
46784,adb,Running,92415238,4784128,92105d0c0f006a6fbdd8a91e82b791d23e4746491062b62d5ecc34abecf9086b
45232,chrome_crashpad_,Running,5571133,4440064,a7767ebe3ff30d63b5ee760d9f23a137550fa9c488ece453e43938a89fdb6b88
18321,printtool,Running,40982503,16105472,60970ea64aac62125b5a455e892f5fd66e1d25fcdd02a275d9a552f81a1a3da3
16116,passd,Running,126475617,19660800,8f25a042278b00227ca2ed8d7f00d1ceea2bfc724f5943153ea031eba158d63d
91828,com.apple.Mobile,Running,126475617,19660800,8f25a042278b00227ca2ed8d7f00d1ceea2bfc724f5943153ea031eba158d63d
65757,diskimagesiod,Running,126475617,19660800,b61e2f1f28d30596a5ca2ab2aa66ed914474b39c6dcef09dd1d590a963f51ede
49842,QLPreviewGenerat,Running,72920620,18644992,31d793fdcb108a3373b932ef404a1b39451fd31d6fed2d04948d15ba9508e13d
14631,systemsoundserve,Running,72920620,18644992,507172d9b8a34e13240cf197e50085640c6c91b7cbbb189779fa1e29f0067941
91508,java,Running,11872469171,7077888,60393b011852b21b98b0c45ac59e96a2f451e524ed9f87ea3fcb39c0ce65233e
80782,IOUserBluetoothS,Running,11872469171,7077888,ba574b1e053fa6398cade76129afc993daf543b5c4d8fbbef8ac748dd1804ace
80781,IOUserBluetoothS,Running,11872469171,7077888,ba574b1e053fa6398cade76129afc993daf543b5c4d8fbbef8ac748dd1804ace
80780,IOUserBluetoothS,Running,11872469171,7077888,ba574b1e053fa6398cade76129afc993daf543b5c4d8fbbef8ac748dd1804ace
80779,IOUserBluetoothS,Running,11872469171,7077888,ba574b1e053fa6398cade76129afc993daf543b5c4d8fbbef8ac748dd1804ace
80524,bluetoothd,Running,11872469171,7077888,ff74e5e86d0c0b0b2e2a047df8f55fbe9f40e90462230ae6c7c785d177f29ca8
22825,ThemeWidgetContr,Running,102601851,17809408,78001840c6884ac4a25db9d7415cc4e743d5a91bb2e7c7353e2f9528de083213
56565,diskimagesiod,Running,102601851,17809408,b61e2f1f28d30596a5ca2ab2aa66ed914474b39c6dcef09dd1d590a963f51ede
11577,UserNotification,Running,143278444,13615104,f0972e87c0fa342d9b4449038b532894568e8b4c7f482d8a10f12cf131689937
10558,diskimagesiod,Running,143278444,13615104,b61e2f1f28d30596a5ca2ab2aa66ed914474b39c6dcef09dd1d590a963f51ede
38039,DictationIM,Running,240094020,12943360,da72127e59081eeeaa1e010f929779291825628acded1f6951d79b0b1f92d5bc
66526,DiskUnmountWatch,Running,1247906,5357568,71c79f01daab690c26eb9e4ae0ca6249781466787cf0f857a1b4e6a91ecccf00
92313,remotepairingd,Running,152073141,3276800,d6227ca266cf15c9074ba7d7b3dfcf98d69927b8dff142a763bef67edf30f9bc
22862,com.apple.Safari,Running,872390137,5832704,b7f1a3467ecb32fdf0acb80ca21e97d535f55fff49099943e88b10f7cf7585a6
62625,mdwrite,Running,3198534,3751936,cec036715f7a026a944467d8f84e6bbf0ce07e8f5352b8cc0da765fec356c31a
47821,rcd,Running,331946362,4702208,9647095902b31e8d324bc4aa42125aba890da216c158c538a9dcd880da67394a
47099,XprotectService,Running,331946362,4702208,30807c33dc031a0fac3413d58c5d24220cd2e64acb33ab2c9e11a8eddb7c8a79
44239,storekitagent,Running,99128807,8863744,11a2c17e1941ec1db085fb9c18b800f8b39711df506a43d56d6b3e4da67b8b3e
41292,searchpartyusera,Running,2508237946,17580032,d7d0b9f560b943f386b453715db35ec68576ffb0922595f3d9e8577ab5b8ccd6
41287,studentd,Running,1459969999,18268160,ba7f182d88a791b83bcada0f060ae3463a79f2d6792aa7a193e3cbe6ee717379
41267,BTLEServerAgent,Running,14973145,2752512,8964b76bd0c3b8f213dae52f2d216fb96b64bc5fe192ddf0443ca0e4907f9100
41048,bluetoothuserd,Running,170181288,8617984,73fc3c8dd66d5162c523f927dd192533e750e1bd13bd560f89cd024738bfc445
31428,PlugInLibrarySer,Running,2156462,1523712,a6049e3aa285643f846844c7cc2d94050d080c194bd5f74522709d5f352236bc
31427,QuickLookUIServi,Running,241615264,15351808,a768af017a6cd6056f3a0a7f5f12309dd57c7fc054cdb02e794b4536e58e6949
31426,com.apple.appkit,Running,3035892065,33783808,974f3f23504e0ec54e503364c784bc80a3f0aaf6e7ae74a84640359392e90581
5703,keyboardservices,Running,109401169,7585792,b5bd97a36b26ecaa64b5f98fff73c36512b759baf2dba1743064ce21d42b9e34
5701,AppleSpell,Running,1063335009,42254336,346a357f8711efc40fc3d3f4eea1861499112c138ba064a8328aeaff864f107f
5702,naturallanguaged,Running,93899094,12713984,762cc84f2b19f4ad337a9f639da3ad62a65ec6c91a6a2fabd694878c09a3f628
5698,MTLCompilerServi,Running,431069517,1622016,f44d87dc070a3cbd199b15667852cdfd7d15affaaa18c010083b6603e3bebe73
3655,Google Chrome He,Running,250752616,40566784,83a2e45a7c3e153072b75a609d6afb3ad90045e8be55dc8de7c970363770ee15
2614,colorsync.userag,Running,3627746,3588096,84e1fed2fae124afdce92a622e667949d897d00c71c313f6e107f08d89e75706
1680,coreautha,Running,252659631,16908288,0ff69beaf113680f53b741269b0dcafdeb69bb8fc6a66fc3b1de264b86f2d4ad
99407,PowerChime,Running,248343829,14974976,2e9e41d74061dd97a13177b22c97b3a6d4fd9e91c562cf2d5d8a822ab2e523c3
64462,VTDecoderXPCServ,Running,83120378066,7159808,0d27afca406474894b6a453cb39afd1346e2313c1c04f1127371c421c54dfdca
63994,Google Chrome He,Running,64483045886,26083328,9feff2df9247de1aa50f7ccc8763990ce3831844fa0bea3ba40d3c04b88f6e87
63992,Google Chrome He,Running,53561669387,17252352,70e52eeb0049701dd4985e1650d63cd8c3b39ad3db78d032b93f8e31a1f72513
63982,contentlinkingd,Running,445847498,6750208,1476682fdeb728af6b13932b813859267e4e914b446277d121525c239e770328
63964,Google Chrome He,Running,9038448244,52723712,83a2e45a7c3e153072b75a609d6afb3ad90045e8be55dc8de7c970363770ee15
63839,Google Chrome He,Running,2241559244,21725184,70e52eeb0049701dd4985e1650d63cd8c3b39ad3db78d032b93f8e31a1f72513
63838,Google Chrome He,Running,111286113968,102989824,70e52eeb0049701dd4985e1650d63cd8c3b39ad3db78d032b93f8e31a1f72513
63836,Google Chrome He,Running,658107745774,209633280,587f056e59cbe8319b9d58cd330c39ae54d0a830357284b4b603b355d8f21c85
63832,chrome_crashpad_,Running,10319629,1851392,22f2b783e6ffdbe5e2203dbc9b24e3b134f12f9c2f4397475e7bf7280cccf503
63829,Google Chrome,Running,639760509693,554287104,ecc3bf94059dd9fbcee21b372876a9f26efecb3dbd5aa31b1fd9a3558950a51c
63826,DockHelper,Running,381685736,15171584,070fabb32d82fdcebfe26d25611866d3642d82e0d89a6a24591e0b9e137dde0b
59670,recentsd,Running,33254217,4833280,4021f92dac5fafd744c3567fe730dd7204882dc8089bbf966177a91590698b31
59559,knowledgeconstru,Running,2419517630,18350080,cae53f9d5128b71564fbfc2eaac8ca79e90471434197d5a262b4a545b48ddce5
57769,avatarsd,Running,75089907,10158080,fdd6d1c8d07ca33883887d1283274de7414125f0f3e120f24b3364ec59abca13
57645,iconservicesagen,Running,75089907,10158080,c59b38ae3d641c76e7e707bdb7b83a47f932504e11fe572bcd816c781a3d4889
57644,com.apple.CloudP,Running,12363358,7684096,4886c43841a3ecd5a67820e8521cf1e39a32ccf13ddc47633bb6a8b6c2b40804
57404,IMAutomaticHisto,Running,2644225,1982464,f69ce2d28dea065f8e29d1ad660af180d2d76c20fb90ad01d86ec0cc09c8f805
57401,distnoted,Running,2644225,1982464,94e375f3d6aae22234562812e80d03eb6a98cb088af8315ed43e969996915da6
57393,XProtect,Running,4899049,1114112,afc1232e258064b5396ae80e65188180a8fea29141bd52ce5b91c22e728c23e2
57394,logd_reporter,Running,4899049,1114112,8acb4cfebe03874730c96eac274bee52689a2c3c4cbd8da55ebac36502d78181
57278,PasswordBreachAg,Running,210310233,5980160,259f10e5bc69dd58fbff378e88bc56fd8802e99fb14c501dfd8259636a6156f8
54944,mbuseragent,Running,1834567,1277952,3cfca7b23a41f6044b89fdcd1fd5cb7dfe6d41467cc7b91fa49c68ba19e19708
54722,appleaccountd,Running,99352379,8437760,61789cf375077cc48d285a859c569f233f541a4dbb87961854fc132eb3f26b37
54594,com.apple.BKAgen,Running,30373512,4751360,59046fa4775239ef7a592715e16ae2f981fc846c4660fdb9d6a746359976a4c2
54475,AMPLibraryAgent,Running,314251541,11517952,498d210d030e46c73df8a63c2cb95a9de040afd3cee9d4cd80bfe01dc0d2ab95
54474,media-indexer,Running,11439508,5636096,4cf2bb32d662b9e54af7e145131ec6194795efdb88797a6b68b287ed98b0914f
54320,USBAgent,Running,2771469,475136,84565fe3272677ea2442edfa7c4f03648ba720c7cf3886a360ce00060d522c2a
54313,tipsd,Running,306022440,9125888,67d53586d7a76bde69fbfedd2df955b1d13678d50066227154acaab5f07ef330
54307,CVMServer,Running,306022440,9125888,b5f6f103fae7613ad33ccba44dcf9d1a060c578a6e2a86510220cd2013899291
54191,peopled,Running,608093562,11747328,e63dc5edb49cc5beb9dc3670457b786f38273c7a3db284c483857c540c8de7ef
54189,SafariBookmarksS,Running,61036120,9256960,912d2bdea0a5336233018188b6efbf0d7eaa0a93b29f8a532d8b27f9fee4e256
54188,dataaccessd,Running,878293301,17088512,b7a6950a88e6677e5c6d87693ef4ef90f7330156bd750d6f553f0deee7aa9a9c
54187,proactived,Running,298657556,10682368,f34cf762801b837f6be8f70d6c2910719b611f501f05e611e68341d0be25ab69
54166,proactiveeventtr,Running,44055469,3522560,7713d512999447db16b593a80b76f2760da3df2a312ac36deeaf8f88d7c6cc19
54160,MessagesActionEx,Running,1611395,16384,a04b4b1654963ddca90275924430d22a89731b7041dd2b702a8a024a3673aa85
54159,MailShortcutsExt,Running,1364928,16384,795c490a792dec7a86d9be04c1a47f578678325d03dc39295d5632a4083a442f
54158,SafariLinkExtens,Running,1245694,16384,f80e8e55149816dad31afb6f6ef3ba522810febe12a42ba10f0433a0abc55e94
54157,CalendarFocusCon,Running,1265721,16384,43d8fecf86d5bac50fa1b4ec21ec4770dc76df6bb49e895a2751d4eec83cc4ca
54153,nbagent,Running,186567156,10371072,cffccaf9a882fefe6f5a83aa39f3be142d5e9a0b7d52528d3aa782b699a0888e
54149,fbahelperd,Running,186567156,10371072,1b038bffb1f91582caa3ada050346bc8cfecd1fd138eb2a8c4e8143db59ffb11
54148,adprivacyd,Running,170239303,10059776,9e7663b872a34120e19fad33725950f6fe7ddfd91b1602b815511e418afede31
54145,backgroundassets,Running,64580307,1933312,668476ced126ae3ac6b690cb8639efbfc8ad4b6cfc648cfb22072f5664754d73
54014,SimulatorTrampol,Running,101615555,7061504,2d9b44945c9571dc63a4b2a14cbaf26c908aa995dd773e736491dd74b5791123
54013,SimLaunchHost.ar,Running,154643433,3391488,b9d8324800c5270754db461183d7eca7b9b2bd5a8716ad50477e149cd357f954
54004,diskimagesiod,Running,154643433,3391488,b61e2f1f28d30596a5ca2ab2aa66ed914474b39c6dcef09dd1d590a963f51ede
54002,simdiskimaged,Running,154643433,3391488,e7c9231d26d92e4bf2a10d7bc84b07f3debd477a6002202941ef2c505868d9a8
54001,com.apple.CoreSi,Running,13572514302,18890752,c39e8d380099c1c092c4e3526703087b403092d2f6e18f1fea7572827556851f
53998,automationmode-w,Running,13572514302,18890752,a7ccc667356f68a5deaf3f5c3b3ffcee0558572169306c58114fe3fb91535e13
53997,EscrowSecurityAl,Running,13395497,6029312,00a34bbe41101d1da6559c56c3325420d40e6f72cc0d3ebed6ba06ff1b400ac0
53988,com.apple.access,Running,2234343,1753088,f8d51aecdb491e5a2e7a0093bfc7d64957f943494854507a401384a3dc61ef41
53984,nsattributedstri,Running,768036884,15335424,6a357e82c220f02841ea85ff5d0b0d2f260e3226cc9f8bab0612345919c90107
53980,com.apple.access,Running,768036884,15335424,f8d51aecdb491e5a2e7a0093bfc7d64957f943494854507a401384a3dc61ef41
53978,cfprefsd,Running,768036884,15335424,21d560b2107bb1364606e985c421c9be56ddaeabc716eeb9568042818dd78c8b
53976,nsattributedstri,Running,768036884,15335424,6a357e82c220f02841ea85ff5d0b0d2f260e3226cc9f8bab0612345919c90107
53975,mlhostd,Running,262121557,6668288,4531afb35a4bd3599a5db714129de01fb80854335f8ce7788c17d6f985e78df2
53973,AuthenticationSe,Running,118627885,10043392,335796a5700b74daa9d0021b75544cbcbb507fd622f3233bfedabd665cee22ce
53968,ndoagent,Running,52410467,7028736,f1007e6c84b91a758241438fd0708effd6d69821f57e02e6991a520ad7ad90f4
53967,voicebankingd,Running,81597473,9895936,3ea8d5ff4654625c1eba973e852966f2b78c191582ca10490c13bed5c3c1f4db
53842,CrashReporterSup,Running,81597473,9895936,b7c58fa8d414ba654eacc53197257c90a316a61fccc391401a25587561a656da
53839,financed,Running,150653984,13598720,ea4818eb0005308b05a0f0db45736a8719c0df77c8f6ad5abfab975d51d10f1f
53838,maild,Running,28416048,8273920,8fc230447d1f06bcbe7a5e2ff584f34208cd14408977a80d90b14a9a9e5c1263
53832,progressd,Running,18817181,4964352,c50accda904d6b7aa09308ac4bfae82961fa2fa9c5f80c49fc59cbb7e61bcab2
53831,promotedcontentd,Running,114694750,5619712,c2bcb7864cc4cd7b9e98a9bff445e99b4735239f30c4b32ff1c8bbf6a1df90c9
53825,cloudphotod,Running,127172508,6848512,b8d3438b7249277c559f23c07a6f8c7992717abfe2c5b1f3b7e0d6f03604a3c8
53821,fairplayd,Running,127172508,6848512,115a8c61db1d3aae9cd322fec6259bdefc6da0d9cec54addf5ca42c7de42b05b
53817,com.apple.NRD.Up,Running,127172508,6848512,115a8c61db1d3aae9cd322fec6259bdefc6da0d9cec54addf5ca42c7de42b05b
53814,system_installd,Running,127172508,6848512,8cef23d172c19c5301c5f48d3717a735f3e2dc0bcec7ab92878a3bd0744bc89f
53810,appstoreagent,Running,604623868,11780096,6714df2dc793c0531ba35ba186f4a4c185dd550c14ed56bf0940cd18c9047fa9
53816,storedownloadd,Running,4721845,2326528,192e4b87d9a83fafa435b965faf83f8d0276d715fa79d1c5a57200154b7b4d6f
53742,NRDUpdated,Running,4721845,2326528,9f0973f1ffe5c2530c37f81cfd9079826723edb4013bca6f999160f34e0bceb8
53732,installerauthage,Running,4252436,1720320,9a547bd88a0a389b1fe5e17f936820fe7461afa5dc689bf5ff5dab27feef7497
53725,distnoted,Running,4252436,1720320,94e375f3d6aae22234562812e80d03eb6a98cb088af8315ed43e969996915da6
53709,com.apple.geod,Running,4252436,1720320,90936203778672da652037d9e6cb85e23981981dabb33413f9c69d9b3bd86f4c
53694,Karabiner-Menu,Running,825488398,12091392,ae2e8eee7229884e372df776a96c7ab0fb16e0f00d2d50f4ca01467b2281f23c
53655,UsageTrackingAge,Running,4690179832,16973824,693855c35bb391f748e457122ebbe1110d0397bcef70c9afc5d45c12bb371a34
53688,Karabiner-Notifi,Running,208496367,9371648,5e1ebe03ff625f2af2d30d61ac49b7685401b06889e2110f3223437d6652f35b
53667,IntelligencePlat,Running,11066278378,17940480,62333079fbb60a32fe5b0ecff7332189e206923e2f260894bd71a5677ae338c0
53666,photoanalysisd,Running,1948962543,16105472,f05097202ff23c35e41a95063630f2897316267c7ab3de8768c61de2fe3d7c74
53664,XProtectPluginSe,Running,1314158649,3506176,5158c6497cf82b0d6cb9bbeb263f5f7ae17ffeba198b9cd0b3c513c033736348
53662,deleted_helper,Running,1314158649,3506176,c89cd5ad4ce82a9b6d94589ecfd08093c9c9d6481f4ef86fc45e917229d9db47
53660,distnoted,Running,1314158649,3506176,94e375f3d6aae22234562812e80d03eb6a98cb088af8315ed43e969996915da6
53658,AssetCacheLocato,Running,74697419,4456448,4a118afdc1b50145347566aa95a05345e2dbab1e92fea0c9ae3bf993d5a757b1
53654,SoftwareUpdateNo,Running,326022896,11780096,af7286d8c62831d83c79e73c22ee8d740a35e1f03fc89e39530a8be3e92dea87
53653,findmydevice-use,Running,43793300,6422528,a41663e74d26160f6c057a9f1fee16d7ec78101617942829cbb56d31ecf9f6ee
53643,contactsdonation,Running,1467424349,12648448,2e3f7303d70fdb8f81347bd8fd27f264c7468d5b1cdf028bf1c78cd51ab3a9c1
53461,axassetsd,Running,525142851,12025856,2458bf235974990425507bde6f10b13c2b22d8a81117deb262efe0ba0b5b2b6e
53638,distnoted,Running,525142851,12025856,94e375f3d6aae22234562812e80d03eb6a98cb088af8315ed43e969996915da6
53479,diagnostics_agen,Running,341069193,9535488,eda3011a46c225c9dbb977ddfce79abb6840c25715f651697d66a58c02f25593
53637,wifivelocityd,Running,341069193,9535488,e1949fab3b8389ea475c97d3ae88a425b70d1357c0ca714cad89430cff2bdec3
53634,SetStoreUpdateSe,Running,162257455,6012928,28f8b5716d173fa14a48e9ca0137c2f72c6e9b750251e66c131e873c51964cc3
53631,coresymbolicatio,Running,162257455,6012928,0824121cefefe8df6b42c48f4fd2143ac9610c7cea6960f41e4f409587b51f44
53629,ReportCrash,Running,12838195,9027584,f6ab4909cd509bc2c64fb8dbca3b6c44486ad1847c7b82ca91767ec1dc010250
53369,ContextStoreAgen,Running,4864582141,17317888,3697ede220ea6bf394a9f28b24075ab94751f0a682fcc5303676c48f5adf868b
53326,com.apple.sbd,Running,68337539,9633792,a7427c89720285b3dcb8726cfbb3580d5e6e94e659f617d0ab86fbff6f4c8c9b
53474,askpermissiond,Running,270618869,2146304,de5180ddb5121fbfb30aa6a27c121022dd6f97adbaa81b4b693cb5401532ffa9
53620,mapssyncd,Running,905998737,12271616,e5acd1319f6d12e5482e603387067ec4613e0c9310edb0393f5a5dc9ccb37275
53502,commerce,Running,133768056,5160960,bc6921ea940786d9c03b0d0a46d126cff577b9984e50bd892a63f6538a6ddb8a
53499,iCloudNotificati,Running,188469581,15695872,1e631c34a49e387fa388ba255cab69bec8821f11659147534a4a1d4e1f03c635
53498,WallpaperVideoEx,Running,6481337316,6930432,bd26c40b8b3be48b291d4ac3e193abbec4e1d3c9fee5e58ef6984cd6d128ce7a
53494,ProtectedCloudKe,Running,32972417,5095424,d5ddeedd772aadfe2d2297d0597c2a9e52d07dc38ade8ae42a07221097461f90
53492,Keychain Circle ,Running,85155605,7323648,eb59a2f0db32a901747a9fa2b48fec62e31a4c0c18224fb7e1ae5c8231472cf6
53495,seserviced,Running,5728807,2654208,7ca12da1389027396411127655a90e728683e9ce3d821d487fcaf3e2046e025f
53490,ScopedBookmarkAg,Running,133898013,4243456,427acfa2900fddef335519997802419f29ad22849c1b284f310361ebc6d030a4
53489,photolibraryd,Running,567933385,9846784,a86cc5a56fd15f40e7c62694830823c644171bedb420e9cb6dc5c0ee8b817ffa
53488,CallHistoryPlugi,Running,189900963,7733248,845270408dbb784121615af61bdf96e60209e197df80e45cc2beceab8d3ea417
53487,Cloudflare WARP,Running,2505974439,30851072,71020146186cfb4cccf3f96dc58d83b28600a5ae3131abe3b6da41d75ffb316f
53486,com.apple.dock.e,Running,884419211,15319040,70e8769ed2ddf51975e68f138e9b368397665df2eaa2ca598e26055acce9a898
53485,TextInputSwitche,Running,453077573,11321344,a31374115226498092ab7c1a802358e512694eb7a688ef901b8740febf84dba3
53463,karabiner_consol,Running,7631955305,6291456,5e63b6f2a44b80fb2a21e381f591df724328be7b217725e24ba55c944da83e38
53478,mongod,Running,86808962408,28262400,85767b672bf1bd162f6f75c0f2d1d736a43d8495918505a4a6fe2bb6e77a45cb
53476,karabiner_sessio,Running,86808962408,28262400,602235966a59f5731352bfd52905f9c0667d00c641f273a6a837e933f43c0759
53470,HP Device Monito,Running,286229629,9256960,4899daa2269b7af349574e6a607f2502e44ad719c21af1e7db3c7eddb6ac8888
53467,HP Product Resea,Running,121921224,8994816,0f189580d3257b9a0a04b2d33492e452c7d902662e6e81ef52e3caf2db11f499
53464,BiomeAgent,Running,4561499648,13123584,83550b69289d8eff57cc630b0c3714eea373a6b009337a232dad2f9555c78b40
53469,icdd,Running,121530952,5537792,3929dde116d339c427311ff62528db0d53b5a45e610a4e6440f5f44b1a6ba6ab
53460,corespeechd,Running,476949382,8880128,65cbc2a0514b6c9b26da9f322ba96a2a35070f3efbe76243ba8300fd4fefd6e2
53477,AirPlayUIAgent,Running,94277092,7651328,556977ba5668ea61811405c9a854c0fc93a3b86c5536c2a8902c655793d38a8e
53481,TextInputMenuAge,Running,514145661,12140544,9e3301ae5b1f981c173fe533742a0fea665866bce575aa57093d5fcc1f5aea89
53458,findmylocateagen,Running,33455728,6520832,ce3700617d58ecbd45a5372fd1ca89170673884d6a8c0388af45fe5c4006bd97
53457,fmfd,Running,125265766,12025856,39fe69f3f7232ca772bccb29901b932e4cf870199f153e018110a99998735204
53456,avconferenced,Running,98631136,4685824,867a30cea487f14ded5f4af7e3d53032c842214e3478a03341fc92f178ab3eba
53455,useractivityd,Running,484286466,6356992,3219acb56d022a8e19d0d011988c1311daea1af852388bf35117a215d8cea6ee
53450,WeatherWidget,Running,2014014169,38256640,67fab70886c64bbf2105cacb775d6d3ddf794be7cb2c5db1b1c2e5f8ada7598b
53453,mediaremoteagent,Running,304083542,2736128,b0090dca58dfd9d5bc837a1cd98a6e382ae4d081447d359072849fd5efe728b6
53452,AppSSODaemon,Running,304083542,2736128,a4344794a38a6888879aa30e738b835dd88939289adadcd578ccd13f602382c9
53451,AppSSOAgent,Running,101080875,9142272,c9242e507fc322bd338cef97677ad0010b7e38fde7698af8e3d56b7c1d292e15
53449,amsengagementd,Running,1059877339,13877248,cf3d5604519f683d267e53ef608aaa10e925443e3ef10e8ad999d7e31a81a10f
53445,IMDPersistenceAg,Running,812500858,13008896,7d0247ca754c1cca8e637b9475acc591005d6274ca84b5e9b6ea9758205fb080
53438,ScreenTimeWidget,Running,2781065691,30785536,b4256733faafd4db8c979fa0519beca76ae0a7729f51ee6f2280bdd7ac56ab89
53446,amsaccountsd,Running,568604387,9863168,0aebcf2aa44697ed6dd3ce076eac91cdb771532e1a242006ff0bf51c69730b73
53444,contactsd,Running,17082389901,18726912,9600ac4c110aa207fc2737f5d4ef5ec9b4d231dceda86ae8b1eb6a9df44b9f0d
53441,itunescloudd,Running,517709293,17874944,e0619fa8d1091f90fbf20185cc4e4892a594f821a128cc6129e30b0e8a259a0a
53440,triald,Running,3035053063,9650176,60542ad2b9d616715155649a13ccce0777674e5f420a592d326675a8445bca32
53439,StatusKitAgent,Running,109312689,11173888,c708b5767d674769d26e2e9a9ebd3637c0516fed7e76f9b5e1bc2550679c3adf
53436,followupd,Running,31570628,4620288,c71052684c87a09c3fd55e97280e675cb81d1da0c029b8ab263b596e65bcb802
53437,PAH_Extension,Running,425315781,9093120,949c66c8da9abc14d60f48482d813b137a87f3be523f954bf7a538f9cc4aaace
53420,com.apple.Notes.,Running,122271536,11747328,052da257a8def206c8e1133fe7b251ae3dd3ad40a7a9e74784ca5abca8ff9bea
53433,siriknowledged,Running,2085068837,18415616,bc4b9e963fecfbd9082c6f74d7e76eaa155e145e799fe764bfcb0b437af22ba9
53428,imagent,Running,2153940763,15679488,83cc92ff6ef12032c781b6b433ce8b202c43f508d1aa1326fdb3515635468752
53432,linkd,Running,86282465,5996544,ac3d27a9605cacf607bde6bde56a59cfb82e622b7542e054a7acbd83b52c7db3
53431,swcd,Running,751178994,6389760,2274e5232b62e09f31f49983c5b3369d5ab79e906e95ae310e2bea8f97325094
53429,assistantd,Running,1159363926,12910592,ac28b395f90d69de502e2fd21efd6789c4b47e7c8bb64df7fe0fa471652ab809
53430,networkservicepr,Running,3209010777,14417920,3eb842003966b75e8c8157265393d95d8c3016fd4f055ae456d10fbfb1c1a91d
53427,CursorUIViewServ,Running,7406102917,28950528,39b4df0775f6232b59c900a1d8e05b4e388791324a393703a8c48b4516630c02
53426,ManagedSettingsA,Running,3417492,2605056,748498a4179d619c97a92abda15e1f9cdf23d02a681c4c8192c93d11ce0addbc
53425,QuickLookSatelli,Running,98218103,43204608,cd3e2dcf06d7af1a4a5d82b9484e5d9b2ac6c8334c4b476d8d3043ec823e2900
53423,com.apple.geod,Running,821859874,14499840,90936203778672da652037d9e6cb85e23981981dabb33413f9c69d9b3bd86f4c
53421,familycircled,Running,783346340,25821184,96d3c99a05790b1c32d389761cc411a52f302fbdeca1d75b7b8af58b929cf252
53424,UIKitSystem,Running,125608233,8912896,e95917f2e08f367edb8c2694f69ef599e6578b22e4593a4a8c074fbaea68a4f6
53422,nearbyd,Running,125608233,8912896,9537736836b340105b9448fd380e5c988b983b229b29c471289581b06e9614b8
53418,WorldClockWidget,Running,1315317967,7061504,bac79a50dad8968f9328fb4af565886895d7d0f5f78dc958889a5c0df5b90482
53419,cdpd,Running,84611703,8257536,c59a07a61f5a33e2fc68d80094d1333696a38bd3fd921164eeb58c61e5615206
53415,CalendarWidgetEx,Running,204877649,11157504,dfe2343984290bf4c37e862019a74bb8fd3ca197fd0cd09ae08765fda3c74b7f
53417,OSDUIHelper,Running,522682076,9502720,bd6264ea944a55e2c934e09d9c2b3e356bfaaa360e8c297e0f2ae7d53e1dd09c
53414,parsecd,Running,808916092,17219584,09e3e93710fd8699c79fad2310fb8353be0efd0558b1aaa797a81fb72bd57177
53413,corespotlightd,Running,3090769299,29032448,216eec22ffe299c5c770edcfe18da061aafecfbd0ea517a98fb459e7f3157e3f
53411,extensionkitserv,Running,188600262,10043392,ed58a7c7788b033d44d3d298305c286bbca25ecba9321ee60baf1f94357abac0
53410,com.apple.quickl,Running,349627562,19791872,940e99bc5af87c701bee1a938b4ecbaf39f9dd8a18de89ee936df9cd6f2076ae
53407,com.apple.CloudD,Running,31756334,6422528,c0f844f3b58d99da722510c178703f565f90ca8e5c7156e34e482fdf24ff659b
53383,WiFiAgent,Running,5954396009,14843904,be0b3300202c963daa88d73373fcf0ca9a071591c2c58b7fd98aa54444ccef0c
53406,akd,Running,430572454,14155776,4db1781bac585bef4b601c7de53d78b942b9306ef741cbaac9975b0a1c3c97b2
53403,audioaccessoryd,Running,373424716,12058624,c095ba0d1805ddf4a5d4b723f7713e493f79b2ba3c47d4e94da07fb7b1deda25
53405,Spotlight,Running,2691355238,87687168,14c349a357622e7a6b6f46291a6e4e9998fc8ff96d21ab030cbea1786b5464e1
53400,mobiletimerd,Running,442251842,2785280,aa9f6da7deec03f474a57fa58d4d5b40acbcf4eecd65d276dfb7fa39a10a96ce
53398,imklaunchagent,Running,47395771,5718016,3703fbb2d3375653942273e41093a9bcec49f3db40237215f48c0b082778f786
53394,heard,Running,690997554,10878976,cc70f1a8ad711482421a9d041e102287f405d673e5dd0e81885c49693bb95658
53395,intelligentrouti,Running,34609750,7307264,4e053ff4b848be2346933c02e60ad133725dce21811cc4813e5a3673928cae02
53396,ContinuityCaptur,Running,138388180,7061504,df1a274daaa552816c2e102eb1f016483fdf50356f42a427ecdbbc8d23d93aa6
53393,chronod,Running,1009980681,19988480,62dc2b543bd7803d25a33eda7989ce98a1501cbc2222ca890707cc0d33c32b6f
53392,suggestd,Running,3067044182,30441472,31444c6c7bb6f8592738696ab7ca3dff61e09a808dce6576011672b9d98c6974
53391,sociallayerd,Running,27768235,5783552,ce1ea98c1d12f3dd3dce7ac721d35983c627c8822b214575d32cc3158e0a14d4
53390,replayd,Running,79238494,5767168,c27ee0d6d4d8cd3c849ae5725aacb96be1350e4c7bdf1814b67f0fd6ed963408
53389,knowledge-agent,Running,3259905119,21397504,8191fa6aed5c5c1e0a40553a63895b8444ac78e53d3e44a23997aa6e63e5eef3
53388,homed,Running,1598956837,20103168,915a8256fb8b3f84e5e773a07a3d25d74f7fc1ad14f3c727cb4c2913c7ee1ea4
53387,sharingd,Running,5341737371,27230208,81497cfd53199a1a01df7d8229eef8248e104a4d42e626ef7f4b508f95780809
53386,awdd,Running,5341737371,27230208,02b3fa12881f9223b7712b82d622c808e0f552dc28b87ae8ad3872069bca7274
53385,coreauthd,Running,212944266,10027008,f1cbc657ed2b6e5eb7d4549f9559e625b87b39ac232f2768bbc92b56532010de
53384,NotificationCent,Running,30493012360,45432832,fdee0ba1290e66785f3fe2097eb82e582f6c69afbf018bfd9a83c48bff9d3444
53382,ctkd,Running,117719905,5193728,b820564990a3995ffb7e4b2b51229247cc60f9ebcc49a01b5dae5b79176ab24c
53381,transparencyd,Running,586440999,14794752,5f07b878059fa75e3bf0df13b0354d33648e9a60614ddfa15fb1927a2a1f14a2
53380,neagent,Running,31932826,8028160,6ff1cfcd5fe43baf41fd3db11c04a16dabc5e18c98f2e43d5f7b8a4239da77cb
53379,donotdisturbd,Running,305075593,12238848,31b99e690d6a9d252befd04c468bf48d2d7c495a0656a7be0f9250ce27acd755
53378,ScreenTimeAgent,Running,1576582471,23216128,80a441daf5fa8053f55804656cbeb1f495d51c436eb8c21101b388e3da715df7
53372,accountsd,Running,4230018416,22675456,8799f114750b313f11cf737f97a2cc2ee7256d31e47548366592bcd74077f415
53375,ctkahp,Running,2151148,3915776,35c39e24e69f3b73cac5e160a5dfd639c8fed555fdfe9c124aec046602a25176
53371,syncdefaultsd,Running,103279409,8060928,a766af4e997b79e9bae863f08a013bb6483f70a4db6c0484927acde27ba6826a
53377,pbs,Running,19782152,4571136,df27ed320a85ade1b7165c77c71b344ac6d8ec96f8266d4f9064fde516f344e0
53374,deleted,Running,1968365949,7045120,772575c27b7bc5ed298023dd3a3697823314d69a45e6a0bb55fe9e77b3fda02f
53368,callservicesd,Running,1365416074,16990208,2d8ef0819367b5c46a683e203c56cabce1134ad84c55ac46bf7d2743ef5482e3
53370,fontworker,Running,11858040,2457600,e81926d103dce6f1f06d306dede57949d7abe6bc00304a9d8ba268445f071f1c
53373,identityservices,Running,1263982969,21037056,0f778b4e38455be8dc1dee787daabacef4028581aaa4ef72b485e67f4f81ef3f
53359,lockoutagent,Running,2420496305,3653632,e1a5b9483581ed21753eb832b8978794b8b9667cef45df2b82fd8e7df051e860
53357,AMPDeviceDiscove,Running,56367126,3620864,9fbbf102f91761dc9530e89f37796f6637b014511731454e91a1fe4bf782f8bc
53356,fileproviderd,Running,4414628059,21168128,6632a93d15fec10d6d5bb4dca90b17c29695a7a0a6633fa9b4ca2b46a0a0fce0
53352,CoreLocationAgen,Running,87910281,8830976,79eb69b4dc9394cc384a3dff56820a0f73f395ee42c36c2ba37285bf8adac409
53347,routined,Running,4707859791,24920064,366f98cdaf024acf63ef0ed6cd836b90555910f080815882b8962695103be0a9
53348,usernoted,Running,327025703,8634368,44de1237f0aaeb36b1101a71267b84fa4f206bcdeaee3a83d5513d8115298d59
53366,iconservicesagen,Running,169500807,21315584,c59b38ae3d641c76e7e707bdb7b83a47f932504e11fe572bcd816c781a3d4889
53351,usernotification,Running,36288371,4669440,43fa9875c724297569573e2aeca7e4fa10200fd6d152ab77b602a0f389c9ed76
53364,fontd,Running,15171543719,9895936,60795e4934455d68dbf440d6fd998e9c9a4d542432d696365fe2c6519811a2b9
53365,tccd,Running,3488361200,11026432,987b50ca6c499513acfad87e1920d74ba78f668db240f1b05657dde1e11e6a7b
53363,ViewBridgeAuxili,Running,1240222610,7553024,33ba87ebaa86edeb37855f863cd8953cc9afaa403406c3d3ea1b4a303be5dad0
53358,bird,Running,252834551,17924096,fc15f2a190ae1f6febd70841496205eaf0b7d17e9dd8010d18c9eb5fa26dc60e
53360,idleassetsd,Running,252834551,17924096,7cd7157f624131aa3299c15e2fbef674502f30f649e4e9d43e6d1e131830bb3c
53355,sharedfilelistd,Running,525995117,7864320,ab1d12941792cfbc78903808c7cc7a83833ff3a1334ee16cba42c8b214d65756
53343,nsurlsessiond,Running,1748974311,17203200,7de41d1dced614323850205053b18affa71ded9372030cbb71d999b7ea003f02
53340,rapportd,Running,763083249,12566528,1ec43bf3eb877a1b4413315f300202acf79d1b05495594e93b66d3e1de1a3cfa
53341,dmd,Running,65699988,6144000,b8c79b9720aa44380483a01caa014de102780de2136371c82c90775ad3c5f01d
53354,calaccessd,Running,1623462378,17334272,1ed9eed2ed1216d5930b6e87b6deb8995757886868d3980d1c087ac04a6d9b2b
53353,automountd,Running,1623462378,17334272,21a19dcfcfd39d1daeee30f7019551af7a20bbb10ae2bb2da95704606875235d
53344,siriactionsd,Running,219643075,10534912,b8d71f11a0c64dd374a1aedc5461fb917af37dd26502952985781d519c61fdb9
53350,secinitd,Running,224582560,8994816,a42baa4ff983c83d6d5b38b3eb95a6caf651912d9b6ce6621a1d2967833f0900
53337,CommCenter,Running,232244218,8732672,8d8dea7697954d27c7683016d202785417422e0e8f1b7d4c0df8522dca2155f9
53345,QuickLookUIServi,Running,425993996,25624576,a768af017a6cd6056f3a0a7f5f12309dd57c7fc054cdb02e794b4536e58e6949
53342,filecoordination,Running,425993996,25624576,5aed0cb92003e212482eb3d81546c782e323690fcf2d6c29a612a1128015fe7c
53339,com.apple.hiserv,Running,361960649,3407872,24aacb83cbead38390d83da53309f859816b778879054cd060c525fc23f94d44
53338,WallpaperAgent,Running,307661226,12369920,09fa8dfffc6458bf0eae86591b406fe3be2ae4b490b1af7187cd2bc1978912b6
53333,BackgroundTaskMa,Running,89477768,8667136,f78a24a8a3f60418c63541a1a2116b032d50c56614d49e8f616d30277126c78a
53329,talagent,Running,87162962,8306688,5a55d52f1706f6664fb3d2eb3d30b6df1256fdda5084345ce40ecc8e05bd3cf1
53334,Finder,Running,16593328721,106283008,63f92e1d9f85286f481157a47f350f52e919ef34e2bc7ab3e77c77c8e0840ec8
53332,SystemUIServer,Running,124266287,9781248,f7d86d7bedccf34c9d7d9ff110f3ca1a04d31fc3af90e181622ad8b9483530d2
53327,cloudd,Running,3273884026,25591808,2234c4cc6cc06a8d97867a1be53a78da3479392249049bf5f13ec4dd407d1855
53331,ControlCenter,Running,209041015629,58753024,4742b6b0a52adfd2d7c73a45eec0010972bb1857cb8436220bc145df8c989849
53328,pboard,Running,231219551,7667712,6c681cf9798c1bf4e6d633bb764199649dd8be38b8c5c1e11bb0969ec030da86
53330,Dock,Running,6417290051,32997376,f1d584196ae8ffb693529625b5ec9ea2df49aa7c7cc008d56344f8ee067ddb20
53319,UserEventAgent,Running,1844371261,8994816,e4358d19bbb25feacaed75e822082c9f73842606185ddeeeca4cec9b3fa159f0
53325,WindowManager,Running,16095687162,27721728,d24b3e024618d9df15d67963e07a8dc0c8b646b386eaf07a3a95d58da6b53666
53324,universalaccessd,Running,740981495,8388608,9bc3046ef99548c148c6dde607c91347e0f8fd4d4c75f810e01306c96952cef9
53323,CoreServicesUIAg,Running,229388854,19202048,3238748693b5dd8cd54b70eeb2fe1c06ebd04e5f8e79d5c65cc15d97e356cd92
53318,TrustedPeersHelp,Running,105274670,8617984,619dd3b80042992b08b65d2bc986d86e7eac208bdb23759f152dff2a7f73d5a9
53314,securityd_servic,Running,105274670,8617984,10a09aeeee1ba34aa8680b13acef1ab37949e2133b2cfc3a74162d411427ec3b
53196,com.apple.Ambien,Running,105274670,8617984,faa45dcfdb6a5e8454b366ed9f103c2b75560ec8bd706d58012850a229a7d6b5
53184,audiomxd,Running,105274670,8617984,8092ee8ab5d6efa41bc533fea0c54df85ef4c01bb5f3e464b52e0e0bef230343
46486,distnoted,Running,105274670,8617984,94e375f3d6aae22234562812e80d03eb6a98cb088af8315ed43e969996915da6
46484,audioanalyticsd,Running,105274670,8617984,b786cfa957e10c9d62b17a5d036a4d5f7d42d5b4c5992807f5a1ccd3fc0480d5
67307,SubmitDiagInfo,Running,105274670,8617984,0f993e9d6be8f2732f90d544f91659ebc26ea6a19638950aae80fea567c19af8
3751,powerdatad,Running,105274670,8617984,52eb076171c03af889df02ad2eb9a67ef336568810f950d17d3c249cf774ef58
3753,ASPCarryLog,Running,105274670,8617984,7bd12d38a806fcc20796b11624f6dce712806712f0f49a26dd305d3a64ce038b
3540,rtcreportingd,Running,105274670,8617984,6a98c4b58091d1eeefe27b976d4a3f4c51ce9698624bed9c78c1b8dce2c4486d
3539,osanalyticshelpe,Running,105274670,8617984,6676a3929bec9827aab2a7a1643a06ebc18344783d007616fc162a8e147dcb94
3538,XProtect,Running,105274670,8617984,afc1232e258064b5396ae80e65188180a8fea29141bd52ce5b91c22e728c23e2
1844,distnoted,Running,105274670,8617984,94e375f3d6aae22234562812e80d03eb6a98cb088af8315ed43e969996915da6
1001,trustd,Running,4958781937,15761408,76125cd57004053adc09ce085cfa25b073817040a1df776f930ce6f4dc7bc0c9
781,containermanager,Running,599726663,6668288,cfa06604889c2c8d84c457f1f415c22e15187b2e29c9ac1cc4d6d2eba29cd0c9
780,pkd,Running,394148338,14385152,8a48e164f1984e9253dd466a52c7216c566cf44ea5bfbba95f176d10042f78b4
778,mdbulkimport,Running,714768380,20234240,80eb699338e00a3db50e43d6faacc152e28d70043e7d37cf97f18493e1e1241c
777,mdbulkimport,Running,714768380,20234240,80eb699338e00a3db50e43d6faacc152e28d70043e7d37cf97f18493e1e1241c
758,secd,Running,2947506488,17072128,cb14e88101beb1ee84fb1ffceaa3a0ece7adccfce06cfec9365f6a358d0c2374
756,lsd,Running,1026606713,11763712,72e8805bfa04638c0ea12c098ffd112d82bbab747ae1149e933fcc2aaddae11e
755,cfprefsd,Running,5526286974,5586944,21d560b2107bb1364606e985c421c9be56ddaeabc716eeb9568042818dd78c8b
742,distnoted,Running,7744610259,5062656,94e375f3d6aae22234562812e80d03eb6a98cb088af8315ed43e969996915da6
441,adid,Running,7744610259,5062656,e1792207e58ae786abfcb5d4e01367760dc2101ad98b927404b756d550226c94
427,systemstats,Running,7744610259,5062656,f461601ab5dd0b92fa4b6983fe7f01a1d63b46a2e5cf84e82cfa829e2e00ce9c
419,sysmond,Running,7744610259,5062656,d625a457ad4d71f1dc0a11d49efcaefbb1733beeb305802fbe58d9ed747b2fc2
416,eligibilityd,Running,7744610259,5062656,65c07b5803490923446d43cb42cbfc045477d53fbccda09c6e2c45cd9c240091
413,distnoted,Running,7744610259,5062656,94e375f3d6aae22234562812e80d03eb6a98cb088af8315ed43e969996915da6
411,countryd,Running,7744610259,5062656,47303580c6cc620cfb1ed1fc83cee348a1b3ab673b5d44f70cad174b931266c9
408,wifianalyticsd,Running,7744610259,5062656,e8f92c86bdececa738ffef952beedf402fed8c1b7c8d9483b6a735b930c8fbc3
405,XProtectPluginSe,Running,7744610259,5062656,5158c6497cf82b0d6cb9bbeb263f5f7ae17ffeba198b9cd0b3c513c033736348
403,distnoted,Running,7744610259,5062656,94e375f3d6aae22234562812e80d03eb6a98cb088af8315ed43e969996915da6
394,distnoted,Running,7744610259,5062656,94e375f3d6aae22234562812e80d03eb6a98cb088af8315ed43e969996915da6
398,trustd,Running,7744610259,5062656,76125cd57004053adc09ce085cfa25b073817040a1df776f930ce6f4dc7bc0c9
397,searchpartyd,Running,7744610259,5062656,73fa53db25949fc545c98e6c878396e6432e7dcc6677a837c0236d3c1ad0c1fd
395,suhelperd,Running,7744610259,5062656,ef6804add287ba31271ec3bd159759a0096d2aa8dba05725afc2df5f8dfcdf1d
393,wifip2pd,Running,7744610259,5062656,2a8e47d3b9207ffcc41bc772cbe6d52c9761d39c11862140bc00477b147c8019
390,ctkd,Running,7744610259,5062656,b820564990a3995ffb7e4b2b51229247cc60f9ebcc49a01b5dae5b79176ab24c
388,com.apple.geod,Running,7744610259,5062656,90936203778672da652037d9e6cb85e23981981dabb33413f9c69d9b3bd86f4c
385,org.pqrs.Karabin,Running,7744610259,5062656,aaa5fe6e76d35b7754e994cb75de8d47724dbb20c1af5db2e719e524d4569fbd
384,com.apple.AppleU,Running,7744610259,5062656,7aad3c8ab758b6972adec603d0756d14783456ef71101f4e31dcfa25923cff3e
381,com.apple.Driver,Running,7744610259,5062656,b8857e47f559b020ebb74d82f92642ab90565cd422c1041e024104c5b7bf3b97
379,distnoted,Running,7744610259,5062656,94e375f3d6aae22234562812e80d03eb6a98cb088af8315ed43e969996915da6
380,mds_stores,Running,7744610259,5062656,5014f7a5ba3253e9bfa5921de6a708fc42487e93717a40ca2d17cd2519caa6fe
376,softwareupdated,Running,7744610259,5062656,36de2d09e721dd6b84021f63191bbba685285d00c65ba8c8eadf90c3db13eb79
375,ctkahp,Running,7744610259,5062656,35c39e24e69f3b73cac5e160a5dfd639c8fed555fdfe9c124aec046602a25176
374,oahd,Running,7744610259,5062656,2d7bfed34479e7f77cf7f1b49800490c06f06df1e62a7d0aa020ffb89579a623
373,gamepolicyd,Running,7744610259,5062656,4e355d0dc066ce49e23875b1d43ac359a4d613e4a17f9f21217fbae68671e1af
372,taskgated,Running,7744610259,5062656,c1f70e66cc594db158f76df644797f0d950d1b4f95652dbd27be5bac1d55cba3
364,coreauthd,Running,7744610259,5062656,f1cbc657ed2b6e5eb7d4549f9559e625b87b39ac232f2768bbc92b56532010de
362,online-auth-agen,Running,7744610259,5062656,2f2203b5734399640df4de7b2577dd0473462b07e1b7279b7d1916816e519032
360,aneuserd,Running,7744610259,5062656,17f7a98c1ac3cb5dfd6f40313535636a1a55d9a2d048cba504fc804ef56155b5
361,aned,Running,7744610259,5062656,7822604cccc6e11ffcdfff04af41a86a743cf30a4f7c5c6a4b68fbfaff7ad640
350,symptomsd-diag,Running,7744610259,5062656,03ce8cc17a0c6c41c4e612d51bd7c026675e6e2d617c33a39eff0ad457b35b5a
330,trustd,Running,7744610259,5062656,76125cd57004053adc09ce085cfa25b073817040a1df776f930ce6f4dc7bc0c9
328,mobileactivation,Running,7744610259,5062656,3af44338fbf22211e842b8aec35490cf5b7ddef9d1b922adb324541d667f37fd
326,backupd,Running,7744610259,5062656,73ea144c6ce5af75fe97739d3aa8ad357c6cc6ecc1fcf6b9c6805b47f1b2e84c
325,com.apple.geod,Running,7744610259,5062656,90936203778672da652037d9e6cb85e23981981dabb33413f9c69d9b3bd86f4c
321,distnoted,Running,7744610259,5062656,94e375f3d6aae22234562812e80d03eb6a98cb088af8315ed43e969996915da6
318,findmybeaconingd,Running,7744610259,5062656,0ba448d4c580104ae0545c8e88790a63338ba4ccafc68e5b8894ffcc23716e98
317,audioclocksyncd,Running,7744610259,5062656,7513d6263ecdce598059a03a6e13934539e8c67f2c6e0dbcae67637c2b677fbe
316,WirelessRadioMan,Running,7744610259,5062656,4e2c0abfb228536c47216a5c2b233168bc8a03f2e052ab0d51582490f187d052
313,UVCAssistant,Running,7744610259,5062656,ce64034cc2a69db8f96f5dd31ba7abcc6f733aa65866be10a396b443c2445f5d
312,cameracaptured,Running,7744610259,5062656,bc5f777318767569396e9eca8a19f4d917462305bf51be11b18fadd7c6b2bc25
311,appleh13camerad,Running,7744610259,5062656,20ea9747bfffe5818984bebf6cc578e509b82c0f2d002687eaae43888a279267
309,storagekitd,Running,7744610259,5062656,dacbb007fe68092cdaeb4cd04f255e022fdf91a6e08aad56d8a1070824e87302
310,appleeventsd,Running,7744610259,5062656,ffbf03f73b54958a903f95ab3bf0d879f62736ebe1586f5b5700d71898812947
306,securityd_system,Running,7744610259,5062656,593f7166ad483aec747c53531c197a76f2c613861850c4e2759b5e6a74d4fe2a
273,com.docker.vmnet,Running,7744610259,5062656,bed1a0468de21d1189ab560fbfcd3432b396143c067831e096553057401fac67
272,Karabiner-Driver,Running,7744610259,5062656,79d42457bde04083ca79abfb5b793320be6285c1f267c587807dad78902be49a
269,karabiner_grabbe,Running,7744610259,5062656,936b31cd44edc9c28854f9f27a9a55e0c1a21523f366acf51b47d5f44f795bde
270,karabiner_observ,Running,7744610259,5062656,684551f1e0e7bdb5bed79d2ebc1514602f9d7909069ff7290a58fec39fe622b0
268,mysqld,Running,7744610259,5062656,44ae831c9db9b8aa94725fa213da3e5754825e3a56bd0472c1412ed6893b0c44
267,CloudflareWARP,Running,7744610259,5062656,6f661af7ca93cc51f4cb3bb75bdd7ee4f2c9507ca4b152da3508106400244d0e
274,syspolicyd,Running,7744610259,5062656,e654022a9224d211bf696947b639d07ef21e7338ee6b77e704cd05cce2e38f42
207,backupd-helper,Running,7744610259,5062656,0a4537a2006f9b127c3c9a3ff2c57259e5b61cf2f107c45129f69e332f94f1fd
108,softwareupdated,Running,7744610259,5062656,8814319078f5fc7a652af4dfd77da7681146b5c461788679dcb4580b3d3c31bf
115,iconservicesd,Running,7744610259,5062656,86e3f7d7c143f023700ef8307bfa85864d9e33779f514497042776057d274f12
160,analyticsd,Running,7744610259,5062656,cdb6804158b29c5ce8bf00dc8bc1850dbb8fac9dbc102071c58a80e7563681a0
260,logd_helper,Running,7744610259,5062656,71a9de21c7f7dd1820ec675504251f9ed6bd2bd478a8db077854f6d1e2dc5a7f
256,findmydeviced,Running,7744610259,5062656,b70622ec40ccbab444ee2b9db3a7f70bfe4561e31cb42ca4f950db52bf098fdb
255,mobileassetd,Running,7744610259,5062656,108d2e9c688c32ab2ed50889d4c9da17dcafb75b332ac335da75f051f8a3b91f
252,symptomsd,Running,7744610259,5062656,b0d793c3847e018bf25a04d8fc526e37b89cbeddb5b64d6968c33667ba585b8d
251,mDNSResponderHel,Running,7744610259,5062656,a4f8dfb6c93bcc5ec195ad386c53e238c6ad51213c84a6ac5895d9dd664cf96b
247,distnoted,Running,7744610259,5062656,94e375f3d6aae22234562812e80d03eb6a98cb088af8315ed43e969996915da6
243,cupsd,Running,7744610259,5062656,94e375f3d6aae22234562812e80d03eb6a98cb088af8315ed43e969996915da6
244,colorsyncd,Running,7744610259,5062656,acfdbc16bdb260ec9fe742df3d703454e0d627d189f4631c38f4d3ea824f1106
242,com.apple.ColorS,Running,7744610259,5062656,3f70daae0a0d2ece154fe2fe7e637910b0d6110998a0b1bcd352ed36d14e1414
241,authd,Running,7744610259,5062656,44e09d3a5b1decadaff027754793c672965bd11d1f0d7f728943263a2988795b
240,colorsync.displa,Running,7744610259,5062656,e9b1edf36bd0315d112d081bd0be902c227b7c2b3eb7a73427f99e50269f32ec
239,mDNSResponder,Running,7744610259,5062656,59fef465627098e7ca327e2a6a2e460e6d3d0f202b742393550b12bc138db1cc
238,biometrickitd,Running,7744610259,5062656,d54e45f802dbd50c6ca0bf09309a6d6e8b8d190f58c57b9afd57a9718d437069
132,locationd,Running,7744610259,5062656,7b9cc4da0e51afecb9a17d7edc9bc761e86f212b3202c2b0fbe4adab466f9c1c
229,com.apple.CodeSi,Running,7744610259,5062656,35d60c55d4ab93c04a8e4da2aa5dbf32cdeddddfdaeaaefe669ccb68b5135987
101,biomed,Running,7744610259,5062656,455ac67ffe9b1a908ceabcb67bbc0fb592c7dc4af244c3023cbe03c0cdbb0e63
218,distnoted,Running,7744610259,5062656,94e375f3d6aae22234562812e80d03eb6a98cb088af8315ed43e969996915da6
215,distnoted,Running,7744610259,5062656,94e375f3d6aae22234562812e80d03eb6a98cb088af8315ed43e969996915da6
205,distnoted,Running,7744610259,5062656,94e375f3d6aae22234562812e80d03eb6a98cb088af8315ed43e969996915da6
217,hidd,Running,7744610259,5062656,08b7de0dc19dcb7a0227041c982b1174483a0810da38655175240b374935d8d9
208,PowerUIAgent,Running,7744610259,5062656,2af3a1b95074de9afd39185441f9dfcc17bca5ee2fd38da4b4f6f03b985bade0
213,systemstatusd,Running,7744610259,5062656,0b57e2022bdf4c366366bbe6a4ebcb0854cb268ec5f07743731cfe2d16a03147
181,apfsd,Running,7744610259,5062656,20dadb757eb802aea237f303819cebe5fa4c083600756d6456fc2184126aee60
175,nsurlsessiond,Running,7744610259,5062656,7de41d1dced614323850205053b18affa71ded9372030cbb71d999b7ea003f02
176,nehelper,Running,7744610259,5062656,f27c6020a4058d53d7a67cddb17e498ef2a904024be964cf2bb40cdf5cdabc9c
173,coreaudiod,Running,7744610259,5062656,6770d6827e7e0d0dc2fb445b556d7db04f34a469a1e56b536a6a1b5088570452
177,containermanager,Running,7744610259,5062656,89cd2a42acd7ddf60bbfc29c1e624edfef98aeecbdd7ea878e870fc9e96da5a2
174,trustd,Running,7744610259,5062656,76125cd57004053adc09ce085cfa25b073817040a1df776f930ce6f4dc7bc0c9
158,contextstored,Running,7744610259,5062656,f505962201e91afea11370d2febbf588d53b4189b931f3a07fd6ca39080a565d
161,lsd,Running,7744610259,5062656,72e8805bfa04638c0ea12c098ffd112d82bbab747ae1149e933fcc2aaddae11e
159,coreservicesd,Running,7744610259,5062656,e6531b2325140fdd62260a4db6f46adccafbf771ebbcd68d700e2a584ec7c924
137,distnoted,Running,7744610259,5062656,94e375f3d6aae22234562812e80d03eb6a98cb088af8315ed43e969996915da6
128,timed,Running,7744610259,5062656,c577817d3f6278e8d9060871bff884f0790ab052693e579e092a77911620f693
129,usbmuxd,Running,7744610259,5062656,d43facfdbb54f9faabd5e4d791c1848a0434f4d527de68e60fb7494fa4d16db4
157,runningboardd,Running,7744610259,5062656,0b9d06104016e924021562fccd07b06b3e7ba0ac22c783a38708f786ea6e540b
155,loginwindow,Running,5336560716,28016640,96595189b0788b0b984a220c255680c85d1a2ad59b85bf662a74a19805d1bc90
154,tccd,Running,5336560716,28016640,987b50ca6c499513acfad87e1920d74ba78f668db240f1b05657dde1e11e6a7b
153,cfprefsd,Running,5336560716,28016640,21d560b2107bb1364606e985c421c9be56ddaeabc716eeb9568042818dd78c8b
152,WindowServer,Running,5336560716,28016640,399ae1007890d8f95733994251c719c78a1bc11e8ac5fbd8735215f7db909d51
100,IOMFB_bics_daemo,Running,5336560716,28016640,26ca993e1dfe34b05a0cf85ebb718c9a93b73473afdb1197f3defb5b0e168b81
91,mediaremoted,Running,5336560716,28016640,a9c24adaf8ee471455a3084182173e72eec9a9312240cfa77b6b1992c6717f7e
127,launchservicesd,Running,5336560716,28016640,378c16b613fcee4454232f14ab510d8ef5e8892fc8b8000fd299040130b65879
86,smd,Running,5336560716,28016640,0565dfc56ac39a84d2be0d2b152a941f88e6896f55f4b5928bfa3c768d4784c4
135,dasd,Running,5336560716,28016640,b3dcbcd877cbfc91fee63bedb865edf224e212b2efd9e513f5a334eae9bec23a
144,usermanagerd,Running,5336560716,28016640,6a17f537f60c854c9d44e6bc0b18e006b0a92e14d82059cabbf4403044b8eb15
120,coreduetd,Running,5336560716,28016640,06b69f1e26637a479b3e8c3307234ac8c6a87ec35560cadd826e13d6d97350e1
151,com.apple.cmio.r,Running,5336560716,28016640,01ee0eb9df169cee9f927928c1f2eb0ac76703acab877b30af51b303bd64f35f
142,revisiond,Running,5336560716,28016640,757d8f0d0b980fb421cb3654f83002d8bee46bd9ce32a07b4952b803fe4539a8
94,systemstats,Running,5336560716,28016640,f461601ab5dd0b92fa4b6983fe7f01a1d63b46a2e5cf84e82cfa829e2e00ce9c
121,syslogd,Running,5336560716,28016640,a6e21e3f8e59361f8db0e59265b04a8b878955a9959556e6b0407bf2a1e22ecb
98,endpointsecurity,Running,5336560716,28016640,1b4893f29a246940462e4e1d2b4d39e8fb61861d42f3815a569909a699ee898f
138,AppleCredentialM,Running,5336560716,28016640,aa957ecb8aa174fc1dce209ce63e267236c7343f6084e2cbf7ac6c2c99b724d5
125,opendirectoryd,Running,5336560716,28016640,0e099e8e2a92a1b085ce3a5e4b4e24486e6cf49b2c1c607589d4c5ed8c17140e
143,KernelEventAgent,Running,5336560716,28016640,5061e2ab1559fb3b0eba84bcd4d4ff5a55f1d32080f0c73416080f59f9809f6a
134,autofsd,Running,5336560716,28016640,a355baae83b01d332803dff8c9a8a28432402b8ba8ba9c45ec17ac807948fde9
141,logind,Running,5336560716,28016640,6c87143316e6f8cd80f48eca3f7de24dd999d7486700d48819d2d14076b4aa40
126,apsd,Running,5336560716,28016640,880dec0946e7eae02c61c9f7dd6685e4656a4a7846f89b9eb2f7f62a80b098bb
149,corebrightnessd,Running,5336560716,28016640,65f0d979a60620df2a7ed7095a39faa07f1ec8c2156ab4e1895f023040f58d42
130,securityd,Running,5336560716,28016640,08ded0eb262ff7558bfd8f52cf19b74ec99b0c12b4961421c0afb26a302c6fd6
124,thermalmonitord,Running,5336560716,28016640,6d68a6978cdfe97804f2a038d163c036f75740a7237aa0ea2ca9f5932f853d02
150,AirPlayXPCHelper,Running,5336560716,28016640,94258f2ffa5ea507b8a117bae6b3ab93c03ed02a515273c077d7cb59243a550e
148,sandboxd,Running,5336560716,28016640,8a2e6ba82e43ef59b97a2e7c5372c85a11906a5e4b4f5e21ce5b61ea4e85c10c
114,mds,Running,5336560716,28016640,a9976c0990a0c114b7f6073d796bb61df4ebd49aa6583e4d2ee7cf8c630f54f0
116,kernelmanagerd,Running,5336560716,28016640,00ddf61460b86729566a3dcc32edcb63b39f6ba7ba5f866bb8504cde419045ca
117,diskarbitrationd,Running,5336560716,28016640,f21b8caf4dac651570845acf78666179f0e32ae5ba054d352b90e3ed0edfc40d
147,notifyd,Running,5336560716,28016640,a700d64f7db1d05bfa6866e7e8502d585dc6c4d9de8af45540087b6847faac62
85,logd,Running,5336560716,28016640,da8531637722722b48b0d39191d66d3295b4c7075cd3e4f488437f3b5161b069
105,remoted,Running,5336560716,28016640,9fe6c071c5cc6effbd7b80ae960e10071b8395506e8b85793f0ec526253a5955
110,watchdogd,Running,5336560716,28016640,410f8c7a09eb837f0dd2435ed1e7c176bd690e0f709f81353ba804c6f8c621f1
103,amfid,Running,5336560716,28016640,8b953e3d623c6a7337ef6d1a5acdae2e5640a74092bd8d207bddb0aa1ad85310
97,configd,Running,5336560716,28016640,c821b3cb3d31cac0a4f64362596624cdc31eea807dfd013aac8442697a5d77f1
99,powerd,Running,5336560716,28016640,8842ae5c807c5bc0f2c1c14476abd98238e12e801556d1dd9e54a4ee1ff95b03
90,fseventsd,Running,5336560716,28016640,841c85a5fe8bc2714a99bf4a8dd162eb47dfbb906948d9b812ae0653b352ea37
89,uninstalld,Running,5336560716,28016640,34c2e56f761f4e35c89bcdb3f26ae2a4b5c1abdd252f3a1ac59a71a6f822b672
87,UserEventAgent,Running,5336560716,28016640,e4358d19bbb25feacaed75e822082c9f73842606185ddeeeca4cec9b3fa159f0
1,launchd,Running,5336560716,28016640,6f349bb83f09694d2274b955e8a3f45749c8f8ff164bbed8c6a39c79a84914da
0,kernel_task,Running,5336560716,28016640,N/A
